timestamp,action,payload_summary,previous_hash,hash
2026-07-20T17:24:36Z,GENESIS,System Initialization,0000000000000000000000000000000000000000000000000000000000000000,74fe9a649c8c01ba56d5218b13a41fe5c837e94a5cc3c39818f9fa521dc2fbbf
2026-07-20T17:24:36Z,PIPELINE_START,Initiated full intelligence pipeline run.,74fe9a649c8c01ba56d5218b13a41fe5c837e94a5cc3c39818f9fa521dc2fbbf,19d5b236423446b03599f8a1beeee86377077982367c2698ede16e2daed41bc4
2026-07-20T17:25:05Z,MULE_RING_VISUALIZED,Rendered connection chart for mule account MULE_71871,19d5b236423446b03599f8a1beeee86377077982367c2698ede16e2daed41bc4,775659f321a37b088b6ad78c6a179b0d687ddf6899d2d674db9d77892166cd23
2026-07-20T17:25:16Z,MULE_RING_VISUALIZED,Rendered connection chart for mule account MULE_85756,775659f321a37b088b6ad78c6a179b0d687ddf6899d2d674db9d77892166cd23,bfdb91441ece8eb1b9172d72b3869a5611c08bce01618dc277c248baed8d96c8
2026-07-20T17:25:16Z,GENERATE_REPORT,"Compiled report with 100 calls, 40 notes, 105 fraud rings.",bfdb91441ece8eb1b9172d72b3869a5611c08bce01618dc277c248baed8d96c8,d08daf9026faa0767f735fb2aab64102398c087fa55827d30fb0fcdd1b61331e
2026-07-20T17:25:17Z,PIPELINE_COMPLETE,Pipeline completed. Report saved to D:\Ai Public Safety\reports\intelligence_report.txt,d08daf9026faa0767f735fb2aab64102398c087fa55827d30fb0fcdd1b61331e,687ceaf30f1f333c19139520f5744989a1f4f508c51ad680ff2c2fbd153badc8
2026-07-20T17:28:01Z,PIPELINE_START,Initiated full intelligence pipeline run.,687ceaf30f1f333c19139520f5744989a1f4f508c51ad680ff2c2fbd153badc8,1c43a7a7ba8fe2187cb77c05053121433c077fc51f0013d094088e74593b58ec
2026-07-20T17:28:31Z,MULE_RING_VISUALIZED,Rendered connection chart for mule account MULE_71871,1c43a7a7ba8fe2187cb77c05053121433c077fc51f0013d094088e74593b58ec,b94ed36140422e17fa0e72b639b28025f181e95204fb890525706dcd35200916
2026-07-20T17:28:37Z,MULE_RING_VISUALIZED,Rendered connection chart for mule account MULE_85756,b94ed36140422e17fa0e72b639b28025f181e95204fb890525706dcd35200916,6891dd9a5af9c46c7d71d7565e6859f621e032e5e7329f74b14f98acb0900f64
2026-07-20T17:28:38Z,GENERATE_REPORT,"Compiled report with 100 calls, 40 notes, 105 fraud rings.",6891dd9a5af9c46c7d71d7565e6859f621e032e5e7329f74b14f98acb0900f64,d71cd8db9a694c3fc0dad395430ceb0a263ed47e14f72d1676546225318a2522
2026-07-20T17:28:38Z,PIPELINE_COMPLETE,Pipeline completed. Report saved to D:\Ai Public Safety\reports\intelligence_report.txt,d71cd8db9a694c3fc0dad395430ceb0a263ed47e14f72d1676546225318a2522,508be19b0f8e25bb6127da2646c97b596119a8cd2fead2a14ec7e7aa79ce27a3
2026-07-20T17:37:18Z,PIPELINE_START,Initiated full intelligence pipeline run.,508be19b0f8e25bb6127da2646c97b596119a8cd2fead2a14ec7e7aa79ce27a3,c69e808673f426ed4e63a75b0683a9aa4706092a0f70a68d8b7fdd5853de9839
2026-07-20T17:37:41Z,MULE_RING_VISUALIZED,Rendered connection chart for mule account MULE_66963,c69e808673f426ed4e63a75b0683a9aa4706092a0f70a68d8b7fdd5853de9839,ad61c2a550c62187719f2a1055f054a87bdd79e9e6fab929470d1ed86ebc13fd
2026-07-20T17:37:47Z,MULE_RING_VISUALIZED,Rendered connection chart for mule account MULE_41588,ad61c2a550c62187719f2a1055f054a87bdd79e9e6fab929470d1ed86ebc13fd,159fb2b08e22c2bc47cdd1aebf825365b1f1c76a05fef485dfb49c194f697b09
2026-07-20T17:37:47Z,GENERATE_REPORT,"Compiled report with 150 calls, 60 notes, Speech AI audited: 8, Citizen Shield assessments: 4.",159fb2b08e22c2bc47cdd1aebf825365b1f1c76a05fef485dfb49c194f697b09,ce187b3b78715018a14faf5a7b92b874e7a361fc676536c29b293c9e3a40b826
2026-07-20T17:37:47Z,PIPELINE_COMPLETE,Pipeline completed. Report saved to D:\Ai Public Safety\reports\intelligence_report.txt,ce187b3b78715018a14faf5a7b92b874e7a361fc676536c29b293c9e3a40b826,e1e09eff5c8f2902ed344c27e7d6e2813c0d37326d37db5078c63938ec6e313f
2026-07-20T17:38:22Z,PIPELINE_START,Initiated full intelligence pipeline run.,e1e09eff5c8f2902ed344c27e7d6e2813c0d37326d37db5078c63938ec6e313f,217300140ef004f27dfd055cfa48618a5f101f98fc89eedb8dc88d6d519887a6
2026-07-20T17:38:42Z,MULE_RING_VISUALIZED,Rendered connection chart for mule account MULE_66963,217300140ef004f27dfd055cfa48618a5f101f98fc89eedb8dc88d6d519887a6,833c83f23443f17bd917e084c1a95c2be3b4d176d7fc24735554c7f70f1ac4bd
2026-07-20T17:38:48Z,MULE_RING_VISUALIZED,Rendered connection chart for mule account MULE_41588,833c83f23443f17bd917e084c1a95c2be3b4d176d7fc24735554c7f70f1ac4bd,ef0fc94665cce899b58be717ef1b5da04f9badb0bfc3653d5be34b7939878f12
2026-07-20T17:38:48Z,GENERATE_REPORT,"Compiled report with 150 calls, 60 notes, Speech AI audited: 8, Citizen Shield assessments: 4.",ef0fc94665cce899b58be717ef1b5da04f9badb0bfc3653d5be34b7939878f12,0268445daa0858f935798a9a430875a80e5a1631f0fb02f46fb53c61c30900da
2026-07-20T17:38:48Z,PIPELINE_COMPLETE,Pipeline completed. Report saved to D:\Ai Public Safety\reports\intelligence_report.txt,0268445daa0858f935798a9a430875a80e5a1631f0fb02f46fb53c61c30900da,ed2f364394c442e9b8f169a9aa61751d8426e91f1a93bd4a126ffcd860945e22
2026-07-20T17:50:09Z,PIPELINE_START,Initiated full intelligence pipeline run.,ed2f364394c442e9b8f169a9aa61751d8426e91f1a93bd4a126ffcd860945e22,7659db29f5773af8d5b0802d50332e0696ecb679a3c9a895e262432004e7ba96
2026-07-20T17:50:35Z,MULE_RING_VISUALIZED,Rendered connection chart for mule account MULE_66963,7659db29f5773af8d5b0802d50332e0696ecb679a3c9a895e262432004e7ba96,ab2c778af1c905fe5780e4c45535e30e497c24f77e90468f090268516b188110
2026-07-20T17:50:40Z,MULE_RING_VISUALIZED,Rendered connection chart for mule account MULE_41588,ab2c778af1c905fe5780e4c45535e30e497c24f77e90468f090268516b188110,c5eef1321d0aaf1a9fe6f508d91ab680c4b8ca8dea2c23fafe69d5f91a32442e
2026-07-20T17:50:40Z,GENERATE_REPORT,"Compiled report with 150 calls, 60 notes, Speech AI audited: 8, Citizen Shield assessments: 4.",c5eef1321d0aaf1a9fe6f508d91ab680c4b8ca8dea2c23fafe69d5f91a32442e,231e415f9899b152d0f46d6e116643b86ead1b110fcae44132119022feb442c7
2026-07-20T17:50:40Z,PIPELINE_COMPLETE,Pipeline completed. Report saved to D:\Ai Public Safety\reports\intelligence_report.txt,231e415f9899b152d0f46d6e116643b86ead1b110fcae44132119022feb442c7,8f52bd3fd251f7bba698ea6bee90b599f63f418af0449feedd4583ec2d9211b7
2026-07-20T17:55:40Z,PIPELINE_START,Initiated full intelligence pipeline run.,8f52bd3fd251f7bba698ea6bee90b599f63f418af0449feedd4583ec2d9211b7,1e23d90c03f54aa4d38bf3b6311c2f0d072f18bf6ef7d731619c592c1f0cc36f
2026-07-20T17:55:59Z,MULE_RING_VISUALIZED,Rendered connection chart for mule account MULE_66963,1e23d90c03f54aa4d38bf3b6311c2f0d072f18bf6ef7d731619c592c1f0cc36f,f65464a24d97c1b285c740aa95a6af2bd16a341326e06320160542b04a2be527
2026-07-20T17:56:03Z,MULE_RING_VISUALIZED,Rendered connection chart for mule account MULE_41588,f65464a24d97c1b285c740aa95a6af2bd16a341326e06320160542b04a2be527,fd0181fa1e173ee423fc1af50dc7976795ace6e4c4e40fb96ee7f74a1c9e3944
2026-07-20T17:56:03Z,GENERATE_REPORT,"Compiled report with 150 calls, 60 notes, Speech AI audited: 8, Citizen Shield assessments: 4.",fd0181fa1e173ee423fc1af50dc7976795ace6e4c4e40fb96ee7f74a1c9e3944,806aee22041327cefe5570f22cb20bab721c49fd77c94299bde9995a1008f9bb
2026-07-20T17:56:03Z,PIPELINE_COMPLETE,Pipeline completed. Report saved to D:\Ai Public Safety\reports\intelligence_report.txt,806aee22041327cefe5570f22cb20bab721c49fd77c94299bde9995a1008f9bb,9ee0c87cbbbd40b390e3418efa30d96e4feae90e2812aa79fbd439708fb97673
2026-07-20T17:56:37Z,PIPELINE_START,Initiated full intelligence pipeline run.,9ee0c87cbbbd40b390e3418efa30d96e4feae90e2812aa79fbd439708fb97673,61e83fd52f2d1527bcdc645181600cbf415d7a20259c4d2704e1e2ccaac47b4a
2026-07-20T17:56:55Z,MULE_RING_VISUALIZED,Rendered connection chart for mule account MULE_66963,61e83fd52f2d1527bcdc645181600cbf415d7a20259c4d2704e1e2ccaac47b4a,17602efd946662a56e3009601d3d9e4ca73ff532fcd77f5aca52293ba9d10b2f
2026-07-20T17:57:00Z,MULE_RING_VISUALIZED,Rendered connection chart for mule account MULE_41588,17602efd946662a56e3009601d3d9e4ca73ff532fcd77f5aca52293ba9d10b2f,b4645a997c6923790ef50bf7ef1761d426b9f630b30a997d02c57104f77c29f1
2026-07-20T17:57:00Z,GENERATE_REPORT,"Compiled report with 150 calls, 60 notes, Speech AI audited: 8, Citizen Shield assessments: 4.",b4645a997c6923790ef50bf7ef1761d426b9f630b30a997d02c57104f77c29f1,2f0db52ef0772a906759b77a2f1db2ae8e5116435855a03c670e91943fb5ae1a
2026-07-20T17:57:00Z,PIPELINE_COMPLETE,Pipeline completed. Report saved to D:\Ai Public Safety\reports\intelligence_report.txt,2f0db52ef0772a906759b77a2f1db2ae8e5116435855a03c670e91943fb5ae1a,d9f7993eb20c665f58f8fcdddcec481c775326726ae3460984ff8e4e3d94c003
2026-07-20T18:13:23Z,PIPELINE_START,Initiated full intelligence pipeline run.,d9f7993eb20c665f58f8fcdddcec481c775326726ae3460984ff8e4e3d94c003,81036b21bb823c382731b79f9eec34be3157eb6a014718a939f4b7b4993a09b4
2026-07-20T18:13:41Z,MULE_RING_VISUALIZED,Rendered connection chart for mule account MULE_66963,81036b21bb823c382731b79f9eec34be3157eb6a014718a939f4b7b4993a09b4,8a1acdf3c07b014f4b3b309071fc2d332bee2b945626eaa7cca7865abe85ec91
2026-07-20T18:13:46Z,MULE_RING_VISUALIZED,Rendered connection chart for mule account MULE_41588,8a1acdf3c07b014f4b3b309071fc2d332bee2b945626eaa7cca7865abe85ec91,fe5cbd13fb275c2ace816d6ad1978dcde7ea93ee1976975d48feaa52245b91ac
2026-07-20T18:13:46Z,GENERATE_REPORT,"Compiled report with 150 calls, 60 notes, Speech AI audited: 8, Citizen Shield assessments: 4.",fe5cbd13fb275c2ace816d6ad1978dcde7ea93ee1976975d48feaa52245b91ac,d34f0f7feae3f2afe47849f35fd30a26b96e048f7710af50adfa8715c71810b2
2026-07-20T18:13:46Z,PIPELINE_COMPLETE,Pipeline completed. Report saved to D:\Ai Public Safety\reports\intelligence_report.txt,d34f0f7feae3f2afe47849f35fd30a26b96e048f7710af50adfa8715c71810b2,9bf6d123a9a1719396e108183c181bd5fb1d8c572b23616a4d6ba20d2d8da537
2026-07-20T18:14:07Z,PIPELINE_START,Initiated full intelligence pipeline run.,9bf6d123a9a1719396e108183c181bd5fb1d8c572b23616a4d6ba20d2d8da537,b478e833c4fe210e511b1d45fa5a4a7a16e6695794ada604fdfbcd37e1d6f95d
2026-07-20T18:14:35Z,MULE_RING_VISUALIZED,Rendered connection chart for mule account MULE_66963,b478e833c4fe210e511b1d45fa5a4a7a16e6695794ada604fdfbcd37e1d6f95d,7b69f65e983b27d73d0fe1635ecf4af7329f87cc30530556ce2629208285a4c2
2026-07-20T18:14:41Z,MULE_RING_VISUALIZED,Rendered connection chart for mule account MULE_41588,7b69f65e983b27d73d0fe1635ecf4af7329f87cc30530556ce2629208285a4c2,cc2f0a313ba4bc3c984d7931cfa99abd67e5a4aab8cba70a9d4b62a7de01b27e
2026-07-20T18:14:41Z,GENERATE_REPORT,"Compiled report with 150 calls, 60 notes, Speech AI audited: 8, Citizen Shield assessments: 4.",cc2f0a313ba4bc3c984d7931cfa99abd67e5a4aab8cba70a9d4b62a7de01b27e,895a89330ef0a0928656067718a296227752730429e5f02840de7fcb73fee72b
2026-07-20T18:14:41Z,PIPELINE_COMPLETE,Pipeline completed. Report saved to D:\Ai Public Safety\reports\intelligence_report.txt,895a89330ef0a0928656067718a296227752730429e5f02840de7fcb73fee72b,82062c6cee5a536273637a1d563ba41a414f619610f63872fc63ff5ae7538bf3
2026-07-20T18:27:36Z,PIPELINE_START,Initiated full intelligence pipeline run.,82062c6cee5a536273637a1d563ba41a414f619610f63872fc63ff5ae7538bf3,ba05b658c2fad8c2acae395e60fb6e816c775e05bd7e6dcf3de7e5e2b6bab5e6
2026-07-20T18:27:57Z,MULE_RING_VISUALIZED,Rendered connection chart for mule account MULE_66963,ba05b658c2fad8c2acae395e60fb6e816c775e05bd7e6dcf3de7e5e2b6bab5e6,f0cf251bde814e769e7751e67336f819418bf25176c8dee2d75a2437acb3cbba
2026-07-20T18:28:02Z,MULE_RING_VISUALIZED,Rendered connection chart for mule account MULE_41588,f0cf251bde814e769e7751e67336f819418bf25176c8dee2d75a2437acb3cbba,d3a08a5f4acc4de0a913942a34d571cd3dd0e044dde6b8fc5869c72c43a103e5
2026-07-20T18:28:02Z,GENERATE_REPORT,"Compiled report with 150 calls, 60 notes, Speech AI audited: 8, Citizen Shield assessments: 4.",d3a08a5f4acc4de0a913942a34d571cd3dd0e044dde6b8fc5869c72c43a103e5,ca15f8efcc821d45334f7991a41c214433fe805a0b4706d789b2e6f9cb62d03d
2026-07-20T18:28:02Z,PIPELINE_COMPLETE,Pipeline completed. Report saved to D:\Ai Public Safety\reports\intelligence_report.txt,ca15f8efcc821d45334f7991a41c214433fe805a0b4706d789b2e6f9cb62d03d,f8d5c5634c712a8abf0b62793385eefa810c442ab5ceacbdc16e2cdcd8a24fe8
2026-07-20T18:37:35Z,PIPELINE_START,Initiated full intelligence pipeline run.,f8d5c5634c712a8abf0b62793385eefa810c442ab5ceacbdc16e2cdcd8a24fe8,fa32f61c68efa7cac4fc561a2d97ac6fb9f491924182baba38b11b538025080a
2026-07-20T18:38:01Z,MULE_RING_VISUALIZED,Rendered connection chart for mule account MULE_66963,fa32f61c68efa7cac4fc561a2d97ac6fb9f491924182baba38b11b538025080a,c8262dde5fc7a94a5850f68647abe841b2daa83dc58b6d590096b378446c72c7
2026-07-20T18:38:06Z,MULE_RING_VISUALIZED,Rendered connection chart for mule account MULE_41588,c8262dde5fc7a94a5850f68647abe841b2daa83dc58b6d590096b378446c72c7,5320d4f591d928e140853072edd7a5b3fb1376ac6a78762252e1b5b2b8948953
2026-07-20T18:38:06Z,GENERATE_REPORT,"Compiled report with 150 calls, 60 notes, Speech AI audited: 8, Citizen Shield assessments: 4.",5320d4f591d928e140853072edd7a5b3fb1376ac6a78762252e1b5b2b8948953,49e0b1c73a159897b04a71e253752eb1ef8afa4a400ebcfece3df6b96e6da98b
2026-07-20T18:38:06Z,PIPELINE_COMPLETE,Pipeline completed. Report saved to D:\Ai Public Safety\reports\intelligence_report.txt,49e0b1c73a159897b04a71e253752eb1ef8afa4a400ebcfece3df6b96e6da98b,a14d0064f6111428632c7010d6d9d77ac75be5fc09a1488f07566ba1dda91c96
2026-07-21T16:54:56Z,PIPELINE_START,Initiated full intelligence pipeline run.,a14d0064f6111428632c7010d6d9d77ac75be5fc09a1488f07566ba1dda91c96,ccf5b9c8d1beb11674df31610ebda1a32ffccbe19610c308b037977741037a3a
2026-07-21T16:55:42Z,MULE_RING_VISUALIZED,Rendered connection chart for mule account MULE_66963,ccf5b9c8d1beb11674df31610ebda1a32ffccbe19610c308b037977741037a3a,d6d9cebdb2f77aebd697fc86d7c39325c16092c5a83377892f25e6a85ba34a16
2026-07-21T16:55:52Z,MULE_RING_VISUALIZED,Rendered connection chart for mule account MULE_41588,d6d9cebdb2f77aebd697fc86d7c39325c16092c5a83377892f25e6a85ba34a16,d50ca47e96ccf5f647e7f5afb74a7b0d33a7bf5fd336056eef3fd93395ef596f
2026-07-21T16:55:53Z,GENERATE_REPORT,"Compiled report with 150 calls, 60 notes, Speech AI audited: 8, Citizen Shield assessments: 4.",d50ca47e96ccf5f647e7f5afb74a7b0d33a7bf5fd336056eef3fd93395ef596f,0c41228bf75a51a98a619e3aa68fb649e5b4a7880e62e7efadc70e8dd8c87932
2026-07-21T16:55:53Z,PIPELINE_COMPLETE,Pipeline completed. Report saved to D:\Ai Public Safety\reports\intelligence_report.txt,0c41228bf75a51a98a619e3aa68fb649e5b4a7880e62e7efadc70e8dd8c87932,e5fd49022c91df64825992ed66575ea05bfcb76b67c5dc9e26467244a8ffec99
2026-07-21T16:56:59Z,PIPELINE_START,Initiated full intelligence pipeline run.,e5fd49022c91df64825992ed66575ea05bfcb76b67c5dc9e26467244a8ffec99,0bbbee30ca9ab1bc439451297a49de3ff78348bbdb8a19a57a87d69bb58894c0
2026-07-21T16:57:37Z,MULE_RING_VISUALIZED,Rendered connection chart for mule account MULE_66963,0bbbee30ca9ab1bc439451297a49de3ff78348bbdb8a19a57a87d69bb58894c0,eb21f8c0786a74458ffb936ed4d8727fe7cb2cbc8cd27eb57c3b521b5a4e42c3
2026-07-21T16:57:45Z,MULE_RING_VISUALIZED,Rendered connection chart for mule account MULE_41588,eb21f8c0786a74458ffb936ed4d8727fe7cb2cbc8cd27eb57c3b521b5a4e42c3,d59c4b878a361297ae0a4c408dc67ba46c79157f7481618e52a63a1b62c756fe
2026-07-21T16:57:45Z,GENERATE_REPORT,"Compiled report with 150 calls, 60 notes, Speech AI audited: 8, Citizen Shield assessments: 4.",d59c4b878a361297ae0a4c408dc67ba46c79157f7481618e52a63a1b62c756fe,742361d519984571225a3fc938f496f4b1567aba262aa6a8b714ee8b9bd3b7c1
2026-07-21T16:57:45Z,PIPELINE_COMPLETE,Pipeline completed. Report saved to D:\Ai Public Safety\reports\intelligence_report.txt,742361d519984571225a3fc938f496f4b1567aba262aa6a8b714ee8b9bd3b7c1,99b4a6e46fc7278be7892c10633f19fd84df3b7bb9bf747dcd01610754a3fcd1
2026-07-21T17:01:07Z,PIPELINE_START,Initiated full intelligence pipeline run.,99b4a6e46fc7278be7892c10633f19fd84df3b7bb9bf747dcd01610754a3fcd1,fcae221a674b57317fff6f64fdbf09509141f520725f22456fe2cef77fc214cc
2026-07-21T17:02:10Z,MULE_RING_VISUALIZED,Rendered connection chart for mule account MULE_66963,fcae221a674b57317fff6f64fdbf09509141f520725f22456fe2cef77fc214cc,4beb6a1513967c02a89cd85c8032f26011b261414c6a61af2076b8658e5addb7
2026-07-21T17:02:22Z,MULE_RING_VISUALIZED,Rendered connection chart for mule account MULE_41588,4beb6a1513967c02a89cd85c8032f26011b261414c6a61af2076b8658e5addb7,f13d567d2c86d312a4e17d970e86d31ddcddebcc42262350a37fbed205386a4a
2026-07-21T17:02:23Z,GENERATE_REPORT,"Compiled report with 150 calls, 60 notes, Speech AI audited: 8, Citizen Shield assessments: 4.",f13d567d2c86d312a4e17d970e86d31ddcddebcc42262350a37fbed205386a4a,7b62dcccf9ec25d2d6d4d5914092509964f1dcc0f325f8e2cd8b4830591967b8
2026-07-21T17:02:23Z,PIPELINE_COMPLETE,Pipeline completed. Report saved to D:\Ai Public Safety\reports\intelligence_report.txt,7b62dcccf9ec25d2d6d4d5914092509964f1dcc0f325f8e2cd8b4830591967b8,21994d58906dde30f4602ce2329b8c56ce7c722dc7ca4a644c233ae2a1a48345
